{
  "Linear Regression": {
    "rmse_mean": 10.733499306855691,
    "rmse_std": 0.21257527678601132,
    "mae_mean": 7.450606487091818,
    "mae_std": 0.056995451380327765,
    "r2_mean": 0.1440094406901554,
    "r2_std": 0.005779013826251314,
    "train_rmse": 10.731996276451026,
    "train_r2": 0.14446324506484154
  },
  "Lasso": {
    "rmse_mean": 10.740865730367165,
    "rmse_std": 0.21155609456067934,
    "mae_mean": 7.4508491380810495,
    "mae_std": 0.05524272294730663,
    "r2_mean": 0.142831467954127,
    "r2_std": 0.005626642276321091,
    "train_rmse": 10.74030712212804,
    "train_r2": 0.1431376786303067
  },
  "Ridge": {
    "rmse_mean": 10.733499207632933,
    "rmse_std": 0.21257516121646222,
    "mae_mean": 7.450604720032713,
    "mae_std": 0.056995090807324136,
    "r2_mean": 0.14400945639899695,
    "r2_std": 0.005778979383479785,
    "train_rmse": 10.73199627660209,
    "train_r2": 0.14446324504075636
  },
  "CART": {
    "rmse_mean": 10.994294353773517,
    "rmse_std": 0.2057475504387122,
    "mae_mean": 7.442239197068764,
    "mae_std": 0.02544915592399176,
    "r2_mean": 0.10159963590098395,
    "r2_std": 0.022648808851900303,
    "train_rmse": 10.088974271787515,
    "train_r2": 0.24391316787111794
  },
  "Random Forest": {
    "rmse_mean": 10.485393659837479,
    "rmse_std": 0.1586757121418493,
    "mae_mean": 7.222734138319541,
    "mae_std": 0.042481993034534635,
    "r2_mean": 0.18300302434161203,
    "r2_std": 0.003053814456743325,
    "train_rmse": 9.335215133051996,
    "train_r2": 0.35266914641225566
  },
  "LightGBM": {
    "rmse_mean": 10.300980580602257,
    "rmse_std": 0.1741500335657399,
    "mae_mean": 7.088324008670545,
    "mae_std": 0.04239464060706777,
    "r2_mean": 0.21153639290702078,
    "r2_std": 0.0023052212861592422,
    "train_rmse": 9.896647666605759,
    "train_r2": 0.2724650458565375
  }
}