{"mean_fit_time":{"0":0.0802755356,"1":0.1291436672,"2":0.2353215694,"3":0.1182389736,"4":0.2380208492,"5":0.3986916542,"6":0.1887020111,"7":0.3604179859,"8":0.7009859562,"9":0.2207710743,"10":0.4211791992,"11":0.8114144802,"12":0.0702772141,"13":0.1251554012,"14":0.2289989948,"15":0.1129027843,"16":0.2019160271,"17":0.3718754292,"18":0.1899959564,"19":0.3329301834,"20":0.8222637653,"21":0.3016113758,"22":0.5574887753,"23":1.0166365147,"24":0.094689703,"25":0.1669859886,"26":0.3085978508,"27":0.1514960289,"28":0.2279419899,"29":0.3764565468,"30":0.1800655365,"31":0.3106072426,"32":0.5618530273,"33":0.2135069847,"34":0.3820671082,"35":0.7071566105},"std_fit_time":{"0":0.0138759771,"1":0.0020113442,"2":0.0040383579,"3":0.0037863617,"4":0.0391081557,"5":0.0063884981,"6":0.005681857,"7":0.0058116836,"8":0.0070819893,"9":0.0033427824,"10":0.0026549137,"11":0.008333353,"12":0.0008917161,"13":0.0028081306,"14":0.0073431106,"15":0.0029880113,"16":0.0011928452,"17":0.0059485278,"18":0.0089355938,"19":0.003827148,"20":0.033622233,"21":0.0084119469,"22":0.0049708093,"23":0.0088099096,"24":0.0013162567,"25":0.0063001159,"26":0.0077861193,"27":0.0057526425,"28":0.038849826,"29":0.0464333601,"30":0.0041611088,"31":0.0030091994,"32":0.0023293796,"33":0.0075616286,"34":0.0056351289,"35":0.0178498798},"mean_score_time":{"0":0.0020419121,"1":0.003158617,"2":0.0061244011,"3":0.0024533749,"4":0.0046272278,"5":0.0083799839,"6":0.0029227734,"7":0.0049332142,"8":0.0107692719,"9":0.0031675816,"10":0.0060725212,"11":0.013390255,"12":0.0018802166,"13":0.0028999329,"14":0.0060386658,"15":0.0022929668,"16":0.0037908077,"17":0.0079735756,"18":0.0027709007,"19":0.0050171375,"20":0.0141997337,"21":0.0046444893,"22":0.0097349644,"23":0.0199045658,"24":0.0023613453,"25":0.0037381172,"26":0.0081521988,"27":0.0031075954,"28":0.0040581226,"29":0.008614254,"30":0.0027215481,"31":0.0049242496,"32":0.0111848354,"33":0.0035754681,"34":0.0064797401,"35":0.0136538029},"std_score_time":{"0":0.0001699377,"1":0.0001657702,"2":0.0004043715,"3":0.0001008248,"4":0.0015219153,"5":0.000253891,"6":0.0003145478,"7":0.0000803928,"8":0.0002141718,"9":0.000104434,"10":0.0000544864,"11":0.0002284727,"12":0.0000598351,"13":0.0000608487,"14":0.0002317659,"15":0.0001037134,"16":0.0001382776,"17":0.0002015905,"18":0.0001110915,"19":0.0001527029,"20":0.000967415,"21":0.0006687833,"22":0.0008139544,"23":0.0010002776,"24":0.0000743821,"25":0.0003665186,"26":0.0007841572,"27":0.0007842153,"28":0.0004440434,"29":0.0007918277,"30":0.0000620702,"31":0.0001495848,"32":0.0007607812,"33":0.0001592926,"34":0.0001225805,"35":0.0004096599},"param_learning_rate":{"0":0.01,"1":0.01,"2":0.01,"3":0.01,"4":0.01,"5":0.01,"6":0.01,"7":0.01,"8":0.01,"9":0.01,"10":0.01,"11":0.01,"12":0.05,"13":0.05,"14":0.05,"15":0.05,"16":0.05,"17":0.05,"18":0.05,"19":0.05,"20":0.05,"21":0.05,"22":0.05,"23":0.05,"24":0.1,"25":0.1,"26":0.1,"27":0.1,"28":0.1,"29":0.1,"30":0.1,"31":0.1,"32":0.1,"33":0.1,"34":0.1,"35":0.1},"param_max_depth":{"0":3,"1":3,"2":3,"3":4,"4":4,"5":4,"6":5,"7":5,"8":5,"9":6,"10":6,"11":6,"12":3,"13":3,"14":3,"15":4,"16":4,"17":4,"18":5,"19":5,"20":5,"21":6,"22":6,"23":6,"24":3,"25":3,"26":3,"27":4,"28":4,"29":4,"30":5,"31":5,"32":5,"33":6,"34":6,"35":6},"param_n_estimators":{"0":50,"1":100,"2":200,"3":50,"4":100,"5":200,"6":50,"7":100,"8":200,"9":50,"10":100,"11":200,"12":50,"13":100,"14":200,"15":50,"16":100,"17":200,"18":50,"19":100,"20":200,"21":50,"22":100,"23":200,"24":50,"25":100,"26":200,"27":50,"28":100,"29":200,"30":50,"31":100,"32":200,"33":50,"34":100,"35":200},"params":{"0":{"learning_rate":0.01,"max_depth":3,"n_estimators":50},"1":{"learning_rate":0.01,"max_depth":3,"n_estimators":100},"2":{"learning_rate":0.01,"max_depth":3,"n_estimators":200},"3":{"learning_rate":0.01,"max_depth":4,"n_estimators":50},"4":{"learning_rate":0.01,"max_depth":4,"n_estimators":100},"5":{"learning_rate":0.01,"max_depth":4,"n_estimators":200},"6":{"learning_rate":0.01,"max_depth":5,"n_estimators":50},"7":{"learning_rate":0.01,"max_depth":5,"n_estimators":100},"8":{"learning_rate":0.01,"max_depth":5,"n_estimators":200},"9":{"learning_rate":0.01,"max_depth":6,"n_estimators":50},"10":{"learning_rate":0.01,"max_depth":6,"n_estimators":100},"11":{"learning_rate":0.01,"max_depth":6,"n_estimators":200},"12":{"learning_rate":0.05,"max_depth":3,"n_estimators":50},"13":{"learning_rate":0.05,"max_depth":3,"n_estimators":100},"14":{"learning_rate":0.05,"max_depth":3,"n_estimators":200},"15":{"learning_rate":0.05,"max_depth":4,"n_estimators":50},"16":{"learning_rate":0.05,"max_depth":4,"n_estimators":100},"17":{"learning_rate":0.05,"max_depth":4,"n_estimators":200},"18":{"learning_rate":0.05,"max_depth":5,"n_estimators":50},"19":{"learning_rate":0.05,"max_depth":5,"n_estimators":100},"20":{"learning_rate":0.05,"max_depth":5,"n_estimators":200},"21":{"learning_rate":0.05,"max_depth":6,"n_estimators":50},"22":{"learning_rate":0.05,"max_depth":6,"n_estimators":100},"23":{"learning_rate":0.05,"max_depth":6,"n_estimators":200},"24":{"learning_rate":0.1,"max_depth":3,"n_estimators":50},"25":{"learning_rate":0.1,"max_depth":3,"n_estimators":100},"26":{"learning_rate":0.1,"max_depth":3,"n_estimators":200},"27":{"learning_rate":0.1,"max_depth":4,"n_estimators":50},"28":{"learning_rate":0.1,"max_depth":4,"n_estimators":100},"29":{"learning_rate":0.1,"max_depth":4,"n_estimators":200},"30":{"learning_rate":0.1,"max_depth":5,"n_estimators":50},"31":{"learning_rate":0.1,"max_depth":5,"n_estimators":100},"32":{"learning_rate":0.1,"max_depth":5,"n_estimators":200},"33":{"learning_rate":0.1,"max_depth":6,"n_estimators":50},"34":{"learning_rate":0.1,"max_depth":6,"n_estimators":100},"35":{"learning_rate":0.1,"max_depth":6,"n_estimators":200}},"split0_test_score":{"0":-118.3873578575,"1":-113.7318541367,"2":-109.448334074,"3":-117.1362439488,"4":-112.2185158141,"5":-107.7082789306,"6":-115.8628392372,"7":-110.8134056436,"8":-106.3526851997,"9":-115.1039412343,"10":-109.9190432497,"11":-105.7287982076,"12":-108.262123658,"13":-105.6994254134,"14":-104.16398861,"15":-106.5932675015,"16":-104.1513358797,"17":-102.9076024217,"18":-105.2874215304,"19":-103.2979587083,"20":-102.3605244819,"21":-104.6767022423,"22":-102.8289796815,"23":-101.8509565039,"24":-105.5262394507,"25":-103.9920115608,"26":-102.9870873747,"27":-104.1940683327,"28":-102.9481945628,"29":-102.2284142303,"30":-103.2014354057,"31":-102.3682709824,"32":-101.9441926147,"33":-102.6743975896,"34":-101.9435575871,"35":-101.736992688},"split1_test_score":{"0":-117.4354119183,"1":-112.9882779571,"2":-108.9153952837,"3":-116.1681118607,"4":-111.460856303,"5":-107.2575550258,"6":-115.0644931081,"7":-110.0200197876,"8":-105.9543707508,"9":-114.2296248466,"10":-109.0166368104,"11":-105.0707325296,"12":-107.7497492346,"13":-105.3550162489,"14":-103.8332466873,"15":-106.2216385339,"16":-104.0435850923,"17":-102.6495740859,"18":-104.7712630004,"19":-102.9617690074,"20":-101.856492219,"21":-104.0944748462,"22":-102.5567019173,"23":-101.5249414105,"24":-105.1025662715,"25":-103.698636078,"26":-102.5896560453,"27":-103.9703360706,"28":-102.5556701568,"29":-101.7347373612,"30":-102.9347269608,"31":-101.9826741603,"32":-101.2033456654,"33":-102.3017140902,"34":-101.3358682853,"35":-100.8328693673},"split2_test_score":{"0":-117.0408993801,"1":-112.9210317653,"2":-109.0324120639,"3":-115.8162340624,"4":-111.3327179406,"5":-107.3192324593,"6":-114.4339952678,"7":-109.6058038289,"8":-105.6071701175,"9":-113.3818664696,"10":-108.3037244647,"11":-104.578470399,"12":-107.8305266546,"13":-105.5494914165,"14":-104.2311579306,"15":-106.2476972666,"16":-103.9467430232,"17":-102.65859215,"18":-104.5863886573,"19":-102.3603806756,"20":-101.2335070841,"21":-103.5753501691,"22":-101.7423229239,"23":-100.6062540379,"24":-105.3067518505,"25":-103.9238682326,"26":-102.8844324642,"27":-104.1780407205,"28":-102.7404718955,"29":-101.7089837448,"30":-102.5523887283,"31":-101.2663794381,"32":-100.4172428961,"33":-101.6803866429,