{"mean_fit_time":{"0":0.1679908752,"1":0.3179794312,"2":0.6482208252,"3":0.2458414078,"4":0.4777801514,"5":0.9315014362,"6":0.350760603,"7":0.6984601021,"8":1.4199335575},"std_fit_time":{"0":0.0019437138,"1":0.0045622553,"2":0.0247068383,"3":0.0063398953,"4":0.0155960843,"5":0.0271852448,"6":0.0042039616,"7":0.0060240653,"8":0.0548073861},"mean_score_time":{"0":0.0124193192,"1":0.0128452301,"2":0.023302269,"3":0.0119192123,"4":0.0123545647,"5":0.0234521866,"6":0.0119259357,"7":0.0225582123,"8":0.0331383228},"std_score_time":{"0":0.000823456,"1":0.0011714965,"2":0.0009739617,"3":0.000113048,"4":0.0005104276,"5":0.0015605508,"6":0.000174394,"7":0.0002266606,"8":0.0005989728},"param_max_depth":{"0":3,"1":3,"2":3,"3":5,"4":5,"5":5,"6":8,"7":8,"8":8},"param_n_estimators":{"0":50,"1":100,"2":200,"3":50,"4":100,"5":200,"6":50,"7":100,"8":200},"params":{"0":{"max_depth":3,"n_estimators":50},"1":{"max_depth":3,"n_estimators":100},"2":{"max_depth":3,"n_estimators":200},"3":{"max_depth":5,"n_estimators":50},"4":{"max_depth":5,"n_estimators":100},"5":{"max_depth":5,"n_estimators":200},"6":{"max_depth":8,"n_estimators":50},"7":{"max_depth":8,"n_estimators":100},"8":{"max_depth":8,"n_estimators":200}},"split0_test_score":{"0":-112.4525229675,"1":-112.4289408967,"2":-112.4157344394,"3":-108.7972748023,"4":-108.7999321479,"5":-108.8007686848,"6":-106.1816944858,"7":-106.1344334126,"8":-106.0502280595},"split1_test_score":{"0":-111.589369088,"1":-111.5967574576,"2":-111.6346481257,"3":-108.2124192552,"4":-108.0779198347,"5":-107.9581901237,"6":-105.2611756153,"7":-105.1626126427,"8":-104.9671430759},"split2_test_score":{"0":-111.7667009835,"1":-111.7377264534,"2":-111.754557281,"3":-107.609658429,"4":-107.6983131957,"5":-107.7376119,"6":-104.1911389567,"7":-104.080781112,"8":-104.0442954807},"split3_test_score":{"0":-136.8947155638,"1":-136.9350092543,"2":-136.9228002651,"3":-132.6441515676,"4":-132.6261919344,"5":-132.643173085,"6":-128.557752632,"7":-128.5869011784,"8":-128.6431887986},"split4_test_score":{"0":-113.0695035855,"1":-113.0499032946,"2":-113.0177469347,"3":-109.7391268818,"4":-109.7101753462,"5":-109.7136195804,"6":-106.9919938329,"7":-106.8577556167,"8":-106.8318065895},"mean_test_score":{"0":-117.1545624377,"1":-117.1496674713,"2":-117.1490974092,"3":-113.4005261872,"4":-113.3825064918,"5":-113.3706726748,"6":-110.2367511045,"7":-110.1644967924,"8":-110.1073324008},"std_test_score":{"0":9.8840371764,"1":9.9063312116,"2":9.8993163449,"3":9.647419229,"4":9.646285566,"5":9.6614043796,"6":9.2080053062,"7":9.258416419,"8":9.3161054134},"rank_test_score":{"0":9,"1":8,"2":7,"3":6,"4":5,"5":4,"6":3,"7":2,"8":1},"split0_train_score":{"0":-118.0019124391,"1":-117.9798706758,"2":-117.9872909742,"3":-112.7585289466,"4":-112.6819877828,"5":-112.5943845413,"6":-102.219856177,"7":-102.1241873828,"8":-102.0999729987},"split1_train_score":{"0":-118.1993111801,"1":-118.2082262906,"2":-118.2465126212,"3":-112.808556254,"4":-112.7846485873,"5":-112.741303759,"6":-102.874115211,"7":-102.7692763087,"8":-102.6216292239},"split2_train_score":{"0":-118.1016280625,"1":-118.0747026251,"2":-118.0883626685,"3":-112.8385532018,"4":-112.8415608657,"5":-112.8011019543,"6":-102.5890903149,"7":-102.6023485245,"8":-102.5018095171},"split3_train_score":{"0":-112.0150462322,"1":-111.9985234644,"2":-111.9699926026,"3":-106.5902337619,"4":-106.5625413076,"5":-106.5581640973,"6":-97.3931767822,"7":-97.3682873518,"8":-97.3268514038},"split4_train_score":{"0":-117.8275368381,"1":-117.8073420633,"2":-117.7998880772,"3":-112.3533415911,"4":-112.3772545161,"5":-112.3850112204,"6":-102.0785717603,"7":-102.0070434622,"8":-102.0091199078},"mean_train_score":{"0":-116.8290869504,"1":-116.8137330238,"2":-116.8184093887,"3":-111.4698427511,"4":-111.4495986119,"5":-111.4159931145,"6":-101.4309620491,"7":-101.374228606,"8":-101.3118766102},"std_train_score":{"0":2.4101570556,"1":2.4111422544,"2":2.4285382469,"3":2.4461148108,"4":2.4487782666,"5":2.4331493997,"6":2.0381076651,"7":2.0231112064,"8":2.0059442795}}