{"mean_fit_time":{"0":0.0416475773,"1":0.0497843742,"2":0.0580085754,"3":0.043624115,"4":0.074090004,"5":0.0704558372,"6":0.070742321,"7":0.0654408932,"8":0.0876473904,"9":0.100001049,"10":0.1005165577,"11":0.1010709763,"12":0.149478817,"13":0.1236307621,"14":0.1261497498,"15":0.1108825684},"std_fit_time":{"0":0.00156261,"1":0.0099124754,"2":0.005916066,"3":0.0062722052,"4":0.0087633393,"5":0.0077643717,"6":0.0082559199,"7":0.0075642339,"8":0.0053629436,"9":0.0144034709,"10":0.0101394595,"11":0.012561443,"12":0.0341516451,"13":0.0124275745,"14":0.0070404934,"15":0.0073857507},"mean_score_time":{"0":0.0018168449,"1":0.0019311905,"2":0.0012404442,"3":0.001268816,"4":0.0015734673,"5":0.0011093616,"6":0.0012659073,"7":0.0015131474,"8":0.0018169403,"9":0.0028800964,"10":0.0010444164,"11":0.0021321774,"12":0.0023273468,"13":0.0020996094,"14":0.0019521713,"15":0.0015769005},"std_score_time":{"0":0.0012520088,"1":0.0011785558,"2":0.0004453827,"3":0.0005855772,"4":0.0008696185,"5":0.0003602244,"6":0.0004529029,"7":0.0008194628,"8":0.0007983658,"9":0.0024320823,"10":0.000187246,"11":0.000891157,"12":0.0021405224,"13":0.0005931375,"14":0.0003816332,"15":0.0007432972},"param_max_depth":{"0":3,"1":3,"2":3,"3":3,"4":5,"5":5,"6":5,"7":5,"8":7,"9":7,"10":7,"11":7,"12":10,"13":10,"14":10,"15":10},"param_min_samples_leaf":{"0":5,"1":10,"2":20,"3":50,"4":5,"5":10,"6":20,"7":50,"8":5,"9":10,"10":20,"11":50,"12":5,"13":10,"14":20,"15":50},"params":{"0":{"max_depth":3,"min_samples_leaf":5},"1":{"max_depth":3,"min_samples_leaf":10},"2":{"max_depth":3,"min_samples_leaf":20},"3":{"max_depth":3,"min_samples_leaf":50},"4":{"max_depth":5,"min_samples_leaf":5},"5":{"max_depth":5,"min_samples_leaf":10},"6":{"max_depth":5,"min_samples_leaf":20},"7":{"max_depth":5,"min_samples_leaf":50},"8":{"max_depth":7,"min_samples_leaf":5},"9":{"max_depth":7,"min_samples_leaf":10},"10":{"max_depth":7,"min_samples_leaf":20},"11":{"max_depth":7,"min_samples_leaf":50},"12":{"max_depth":10,"min_samples_leaf":5},"13":{"max_depth":10,"min_samples_leaf":10},"14":{"max_depth":10,"min_samples_leaf":20},"15":{"max_depth":10,"min_samples_leaf":50}},"split0_test_score":{"0":-113.4260028956,"1":-113.4260028956,"2":-113.4260028956,"3":-113.4260028956,"4":-109.7703256172,"5":-109.3536853522,"6":-109.5403648696,"7":-109.1879010675,"8":-109.0923916591,"9":-108.4739849928,"10":-108.1033078068,"11":-107.8297652322,"12":-113.9654792532,"13":-110.4244390834,"14":-108.8007923863,"15":-107.4300417752},"split1_test_score":{"0":-112.2926783944,"1":-112.2926783944,"2":-112.2926783944,"3":-112.2926783944,"4":-109.2713886915,"5":-109.0898846929,"6":-108.8902885545,"7":-109.0504458931,"8":-107.7132563581,"9":-107.1667615685,"10":-106.8154633382,"11":-106.6158034521,"12":-110.8807356525,"13":-109.4687083971,"14":-107.7074998439,"15":-106.2227174006},"split2_test_score":{"0":-112.5458985438,"1":-112.5458985438,"2":-112.5458985438,"3":-112.5458985438,"4":-108.2916947077,"5":-108.3414203858,"6":-108.5237074935,"7":-108.5136127055,"8":-106.2946796119,"9":-105.9688181,"10":-106.5286249095,"11":-105.9643008567,"12":-110.2035371837,"13":-108.8239856231,"14":-107.9636268629,"15":-105.786823184},"split3_test_score":{"0":-137.4526193658,"1":-137.4526193658,"2":-137.4526193658,"3":-137.4526193658,"4":-133.1840798848,"5":-133.396931055,"6":-133.4532508159,"7":-133.3415533209,"8":-130.6055828179,"9":-130.7988418651,"10":-130.4577891347,"11":-130.9126034273,"12":-131.8905076123,"13":-132.1383160261,"14":-130.521972713,"15":-130.031103933},"split4_test_score":{"0":-114.0412012408,"1":-114.0412012408,"2":-114.0412012408,"3":-114.0412012408,"4":-110.5827443268,"5":-110.5898360709,"6":-110.7495037235,"7":-111.0433030147,"8":-109.0999946642,"9":-108.7412510083,"10":-109.1278769726,"11":-109.6910609804,"12":-114.4477984951,"13":-112.2207607552,"14":-110.0740525518,"15":-109.3989635323},"mean_test_score":{"0":-117.9516800881,"1":-117.9516800881,"2":-117.9516800881,"3":-117.9516800881,"4":-114.2200466456,"5":-114.1543515113,"6":-114.2314230914,"7":-114.2273632003,"8":-112.5611810222,"9":-112.2299315069,"10":-112.2066124323,"11":-112.2027067897,"12":-116.2776116394,"13":-114.615241977,"14":-113.0135888716,"15":-111.773929965},"std_test_score":{"0":9.7704350553,"1":9.7704350553,"2":9.7704350553,"3":9.7704350553,"4":9.5110368976,"5":9.648502742,"6":9.6406865553,"7":9.5951456408,"8":9.0816756195,"9":9.3372339442,"10":9.1730605881,"11":9.440576383,"12":7.9809441031,"13":8.8360619214,"14":8.793051004,"15":9.2140722811},"rank_test_score":{"0":13,"1":13,"2":13,"3":13,"4":8,"5":7,"6":10,"7":9,"8":5,"9":4,"10":3,"11":2,"12":12,"13":11,"14":6,"15":1},"split0_train_score":{"0":-118.7094717226,"1":-118.7094717226,"2":-118.7094717226,"3":-118.7094717226,"4":-114.1041639366,"5":-114.1081175107,"6":-114.2570279104,"7":-114.431343808,"8":-109.5719771331,"9":-109.9042289812,"10":-110.2686538097,"11":-110.8635806565,"12":-101.6172779317,"13":-103.6236569268,"14":-105.3598722492,"15":-107.3675205994},"split1_train_score":{"0":-118.9491608307,"1":-118.9491608307,"2":-118.9491608307,"3":-118.9491608307,"4":-114.3454194676,"5":-114.3637613516,"6":-114.4213019695,"7":-114.5649985739,"8":-109.8088031209,"9":-110.1650676076,"10":-110.4471603202,"11":-111.1207552993,"12":-102.1861970562,"13":-103.7651030142,"14":-105.1013808717,"15":-107.5554810016},"split2_train_score":{"0":-118.8885592217,"1":-118.8885592217,"2":-118.8885592217,"3":-118.8885592217,"4":-114.4002074371,"5":-114.4639262058,"6":-114.5786613554,"7":-114.7432300253,"8":-110.1575584417,"9":-110.3293612456,"10":-110.7381078294,"11":-111.3373250951,"12":-101.5518431663,"13":-103.2971234827,"14":-105.2147515716,"15":-107.5681814212},"split3_train_score":{"0":-112.6703980423,"1":-112.6703980423,"2":-112.6703980423,"3":-112.6703980423,"4":-108.0483645692,"5":-108.0957008363,"6":-108.2284191643,"7":-108.4053571229,"8":-103.7364242393,"9":-103.9911016698,"10":-104.3084134815,"11":-104.9838525607,"12":-95.7835749963,"13":-97.5130442685,"14":-99.3929028019,"15":-101.7484199729},"split4_train_score":{"0":-118.6436551077,"1":-118.6436551077,"2":-118.6436551077,"3":-118.6436551077,"4":-114.021296572,"5":-114.0405496739,"6":-114.1100286093,"7":-114.1581495689,"8":-109.5364002123,"9":-109.6989555288,"10":-109.8313068263,"11":-110.5639007196,"12":-101.2106029783,"13":-103.1318689234,"14":-104.7296543994,"15":-107.0323434753},"mean_train_score":{"0":-117.572248985,"1":-117.572248985,"2":-117.572248985,"3":-117.572248985,"4":-112.9838903965,"5":-113.0144111157,"6":-113.1190878018,"7":-113.2606158198,"8":-108.5622326295,"9":-108.8177430066,"10":-109.1187284534,"11":-109.7738828662,"12":-100.4698992258,"13":-102.2661593231,"14":-103.9597123788,"15":-106.2543892941},"std_train_score":{"0":2.453482756,"1":2.453482756,"2":2.453482756,"3":2.453482756,"4":2.4718557782,"5":2.4643337796,"6":2.4503725347,"7":2.4351290364,"8":2.4230565614,"9":2.4229621193,"10":2.4230702499,"11":2.4089158045,"12":2.364023505,"13":2.3872190878,"14":2.2929255728,"15":2.2612794131}}