{"loss": [178.97998046875, 116.10560607910156, 113.19783782958984, 111.95093536376953, 111.0416488647461, 110.14278411865234, 109.40717315673828, 109.13470458984375, 108.59249877929688, 108.2146224975586, 107.8280029296875, 107.6379623413086, 107.1153564453125, 106.86914825439453, 106.50420379638672, 106.29521179199219, 106.0591812133789, 105.82332611083984, 105.40258026123047, 105.22833251953125, 105.13092803955078, 104.79881286621094, 104.56927490234375, 104.3382339477539, 104.05126190185547, 103.97599792480469, 103.84598541259766], "mae": [9.291205406188965, 7.463430881500244, 7.402286529541016, 7.376118183135986, 7.3502631187438965, 7.320669651031494, 7.287825107574463, 7.276026248931885, 7.264736652374268, 7.245424270629883, 7.234078884124756, 7.224417686462402, 7.213183403015137, 7.195509910583496, 7.190528392791748, 7.181121349334717, 7.172783851623535, 7.165543079376221, 7.159323692321777, 7.150974750518799, 7.142735481262207, 7.125804901123047, 7.126653671264648, 7.116917610168457, 7.105579853057861, 7.10213041305542, 7.101291179656982], "val_loss": [114.00196838378906, 110.37683868408203, 109.02045440673828, 109.00294494628906, 107.93697357177734, 107.57693481445312, 107.8241958618164, 107.5420913696289, 107.04788208007812, 107.43948364257812, 107.12692260742188, 106.85145568847656, 107.0163345336914, 107.68547058105469, 106.81788635253906, 106.9333724975586, 106.46863555908203, 106.91188049316406, 107.21776580810547, 107.10379028320312, 108.111572265625, 107.60420227050781, 106.97730255126953, 106.94464111328125, 108.11482238769531, 107.12068176269531, 107.33409881591797], "val_mae": [7.372669219970703, 7.359960079193115, 7.3555121421813965, 7.20131778717041, 7.25376558303833, 7.281368732452393, 7.404752731323242, 7.398432731628418, 7.308287620544434, 7.135024070739746, 7.342587947845459, 7.2725324630737305, 7.185309410095215, 7.136939525604248, 7.223169326782227, 7.236069679260254, 7.224181652069092, 7.286117076873779, 7.189287185668945, 7.264467239379883, 7.099397659301758, 7.360716342926025, 7.219674587249756, 7.262184143066406, 7.384238243103027, 7.157303333282471, 7.269806861877441]}